52,"t","Agricultural Chemical Usage 2006 Restricted Use Summary: Released October 3, 2007, by the National Agricultural Statistics Service (NASS), Agricultural Statistics Board, U.S. Department of Agriculture."
52,"t","Rice:  Agricultural Chemical Applications,"
52,"t","Restricted Use Pesticides,"
52,"t","Program States, 2006 1/"
52,"h","","","","","",""
52,"h","Restricted Use","Area","Appli-","Rate per","Rate per","Total"
52,"h","Pesticide","Applied","cations","Application","Crop Year","Applied"
52,"h","","","","","",""
52,"u","","Percent","Number","Pounds per Acre","Pounds per Acre","1,000 lbs"
52,"d","",,,,,
52,"d","Insecticides",,,,,
52,"d","  Gamma-cyhalothrin",1,1.4,0.015,0.021,1
52,"d","  Lambda-cyhalothrin",9,1.1,0.023,0.025,7
52,"d","  Methyl parathion",4,1.9,0.467,0.908,97
52,"d","  Zeta-cypermethrin",6,1.2,0.024,0.029,5
52,"c",""
52,"f","1/  Planted  acreage in 2006 for the 6 Program States was 2.8 million acres."
52,"f","^ ^  States included are AR, CA, LA, MS, MO, and TX."
53,"t","Agricultural Chemical Usage 2006 Restricted Use Summary: Released October 3, 2007, by the National Agricultural Statistics Service (NASS), Agricultural Statistics Board, U.S. Department of Agriculture."
53,"t","Soybeans:  Agricultural Chemical Applications,"
53,"t","Restricted Use Pesticides,"
53,"t","Program States, 2006 1/"
53,"h","","","","","",""
53,"h","Restricted Use","Area","Appli-","Rate per","Rate per","Total"
53,"h","Pesticide","Applied","cations","Application","Crop Year","Applied"
53,"h","","","","","",""
53,"u","","Percent","Number","Pounds per Acre","Pounds per Acre","1,000 lbs"
53,"d","",,,,,
53,"d","Herbicides",,,,,
53,"d","  Alachlor","*",1.0,1.931,1.931,485
53,"d","  Paraquat",1,1.0,0.492,0.511,335
53,"d","",,,,,
53,"d","Insecticides",,,,,
53,"d","  Chlorpyrifos",5,1.1,0.454,0.480,1663
53,"d","  Cyfluthrin","*",1.1,0.028,0.030,10
53,"d","  Diflubenzuron","*",1.7,0.037,0.062,10
53,"d","  Esfenvalerate",3,1.1,0.035,0.037,70
53,"d","  Gamma-cyhalothrin","*",1.0,0.011,0.011,3
53,"d","  Lambda-cyhalothrin",6,1.1,0.020,0.022,97
53,"d","  Methyl parathion","*",1.1,0.529,0.565,66
53,"d","  Permethrin","*",1.0,0.065,0.065,12
53,"d","  Thiodicarb","*",1.0,0.320,0.320,39
53,"d","  Zeta-cypermethrin",1,1.0,0.022,0.022,14
53,"c",""
53,"f","*   Area applied is less than 0.5 percent."
53,"f","1/  Planted  acreage in 2006 for the 19 Program States was 72.9 million acres."
53,"f","^ ^  States included are AR, IL, IN, IA, KS, KY, LA, MI, MN, MS, MO, NE, NC, ND, OH, SD, TN, VA, and WI."
51,"t","Agricultural Chemical Usage 2006 Restricted Use Summary: Released October 3, 2007, by the National Agricultural Statistics Service (NASS), Agricultural Statistics Board, U.S. Department of Agriculture."
51,"t","Other Spring Wheat:  Agricultural Chemical Applications,"
51,"t","Restricted Use Pesticides,"
51,"t","Program States, 2006 1/"
51,"h","","","","","",""
51,"h","Restricted Use","Area","Appli-","Rate per","Rate per","Total"
51,"h","Pesticide","Applied","cations","Application","Crop Year","Applied"
51,"h","","","","","",""
51,"u","","Percent","Number","Pounds per Acre","Pounds per Acre","1,000 lbs"
51,"d","",,,,,
51,"d","Insecticides",,,,,
51,"d","  Lambda-cyhalothrin","*",1.0,0.023,0.023,1
51,"c",""
51,"f","*   Area applied is less than 0.5 percent."
51,"f","1/  Planted  acreage in 2006 for the 6 Program States was 14.7 million acres."
51,"f","^ ^  States included are ID, MN, MT, ND, SD, and WA."
54,"t","Agricultural Chemical Usage 2006 Restricted Use Summary: Released October 3, 2007, by the National Agricultural Statistics Service (NASS), Agricultural Statistics Board, U.S. Department of Agriculture."
54,"t","Winter Wheat:  Agricultural Chemical Applications,"
54,"t","Restricted Use Pesticides,"
54,"t","Program States, 2006 1/"
54,"h","","","","","",""
54,"h","Restricted Use","Area","Appli-","Rate per","Rate per","Total"
54,"h","Pesticide","Applied","cations","Application","Crop Year","Applied"
54,"h","","","","","",""
54,"u","","Percent","Number","Pounds per Acre","Pounds per Acre","1,000 lbs"
54,"d","",,,,,
54,"d","Herbicides",,,,,
54,"d","  Atrazine","*",1.0,0.676,0.676,55
54,"d","",,,,,
54,"d","Insecticides",,,,,
54,"d","  Chlorpyrifos",2,1.0,0.380,0.380,204
54,"d","  Lambda-cyhalothrin","*",1.0,0.017,0.017,2
54,"d","  Zeta-cypermethrin","*",1.0,0.022,0.022,1
54,"c",""
54,"f","*   Area applied is less than 0.5 percent."
54,"f","1/  Harvested  acreage in 2006 for the 14 Program States was 35.3 million acres."
54,"f","^ ^  States included are CO, ID, IL, KS, MI, MO, MT, NE, OH, OK, OR, SD, TX, and WA."
55,"t","Agricultural Chemical Usage 2006 Restricted Use Summary: Released October 3, 2007, by the National Agricultural Statistics Service (NASS), Agricultural Statistics Board, U.S. Department of Agriculture."
55,"t","Asparagus:  Agricultural Chemical Applications,"
55,"t","Restricted Use Pesticides,"
55,"t","Program States, 2006 1/"
55,"h","","","","","",""
55,"h","Restricted Use","Area","Appli-","Rate per","Rate per","Total"
55,"h","Pesticide","Applied","cations","Application","Crop Year","Applied"
55,"h","","","","","",""
55,"u","","Percent","Number","Pounds per Acre","Pounds per Acre","1,000 lbs"
55,"d","",,,,,
55,"d","Herbicides",,,,,
55,"d","  Paraquat",6,1.3,0.646,0.848,2.3
55,"d","",,,,,
55,"d","Insecticides",,,,,
55,"d","  Chlorpyrifos",24,1.2,0.923,1.118,12.2
55,"d","  Disulfoton",32,1.1,1.001,1.114,16.5
55,"d","  Permethrin",16,2.8,0.105,0.291,2.1
55,"c",""
55,"f","1/  Planted  acreage in 2006 for the 3 Program States was 46,200 acres."
55,"f","^ ^  States included are CA, MI, and WA."
73,"t","Agricultural Chemical Usage 2006 Restricted Use Summary: Released October 3, 2007, by the National Agricultural Statistics Service (NASS), Agricultural Statistics Board, U.S. Department of Agriculture."
73,"t","Snap Beans, Fresh:  Agricultural Chemical Applications,"
73,"t","Restricted Use Pesticides,"
73,"t","Program States, 2006 1/"
73,"h","","","","","",""
73,"h","Restricted Use","Area","Appli-","Rate per","Rate per","Total"
73,"h","Pesticide","Applied","cations","Application","Crop Year","Applied"
73,"h","","","","","",""
73,"u","","Percent","Number","Pounds per Acre","Pounds per Acre","1,000 lbs"
73,"d","",,,,,
73,"d","Herbicides",,,,,
73,"d","  Paraquat",2,1.0,0.990,0.990,1.5
73,"d","",,,,,
73,"d","Insecticides",,,,,
73,"d","  Bifenthrin",10,2.1,0.071,0.148,1.3
73,"d","  Esfenvalerate",18,1.6,0.031,0.049,0.8
73,"d","  Lambda-cyhalothrin","*",1.4,0.027,0.036,"( 2/ )"
73,"d","  Methomyl",10,2.4,0.329,0.786,6.9
73,"d","  Permethrin","*",1.1,0.095,0.101,"( 2/ )"
73,"d","  Zeta-cypermethrin",3,1.0,0.023,0.024,0.1
73,"d","",,,,,
73,"d","Other Chemicals",,,,,
73,"d","  Dichloropropene",5,1.0,86.830,86.830,409.2
73,"c",""
73,"f","*   Area applied is less than 0.5 percent."
73,"f","1/  Planted  acreage in 2006 for the 6 Program States was 88,500 acres."
73,"f","^ ^  States included are CA, FL, GA, NY, NC, and TN."
73,"f","2/  Total applied is less than 50 lbs."
74,"t","Agricultural Chemical Usage 2006 Restricted Use Summary: Released October 3, 2007, by the National Agricultural Statistics Service (NASS), Agricultural Statistics Board, U.S. Department of Agriculture."
74,"t","Snap Beans, Proc.:  Agricultural Chemical Applications,"
74,"t","Restricted Use Pesticides,"
74,"t","Program States, 2006 1/"
74,"h","","","","","",""
74,"h","Restricted Use","Area","Appli-","Rate per","Rate per","Total"
74,"h","Pesticide","Applied","cations","Application","Crop Year","Applied"
74,"h","","","","","",""
74,"u","","Percent","Number","Pounds per Acre","Pounds per Acre","1,000 lbs"
74,"d","",,,,,
74,"d","Insecticides",,,,,
74,"d","  Bifenthrin",40,2.0,0.044,0.090,5.6
74,"d","  Esfenvalerate",9,1.1,0.036,0.040,0.6
74,"d","  Ethoprop",7,1.4,2.379,3.285,37.8
74,"d","  Lambda-cyhalothrin",8,1.3,0.026,0.034,0.4
74,"d","  Permethrin",1,1.0,0.075,0.076,0.1
74,"d","  Zeta-cypermethrin",11,1.3,0.024,0.032,0.5
74,"c",""
74,"f","1/  Planted  acreage in 2006 for the 6 Program States was 160,300 acres."
74,"f","^ ^  States included are IL, MI, NY, OR, PA, and WI."
57,"t","Agricultural Chemical Usage 2006 Restricted Use Summary: Released October 3, 2007, by the National Agricultural Statistics Service (NASS), Agricultural Statistics Board, U.S. Department of Agriculture."
57,"t","Broccoli:  Agricultural Chemical Applications,"
57,"t","Restricted Use Pesticides,"
57,"t","Program States, 2006 1/"
57,"h","","","","","",""
57,"h","Restricted Use","Area","Appli-","Rate per","Rate per","Total"
57,"h","Pesticide","Applied","cations","Application","Crop Year","Applied"
57,"h","","","","","",""
57,"u","","Percent","Number","Pounds per Acre","Pounds per Acre","1,000 lbs"
57,"d","",,,,,
57,"d","Herbicides",,,,,
57,"d","  Pronamide","*",1.0,1.196,1.200,0.2
57,"d","",,,,,
57,"d","Insecticides",,,,,
57,"d","  Chlorpyrifos",8,1.1,0.955,1.024,11.0
57,"d","  Diazinon",17,1.1,0.909,0.968,21.4
57,"d","  Disulfoton",8,1.0,1.001,1.002,10.2
57,"d","  Emamectin benzoate",17,1.0,0.010,0.010,0.2
57,"d","  Esfenvalerate",19,1.1,0.038,0.044,1.1
57,"d","  Gamma-cyhalothrin",1,1.1,0.015,0.016,"( 2/ )"
57,"d","  Lambda-cyhalothrin",6,1.2,0.028,0.032,0.3
57,"d","  Methomyl",3,1.0,0.828,0.854,3.6
57,"d","  Permethrin",2,1.2,0.094,0.109,0.3
57,"d","  Zeta-cypermethrin",14,1.1,0.042,0.047,0.8
57,"c",""
57,"f","*   Area applied is less than 0.5 percent."
57,"f","1/  Planted acreage in 2006 for California was 128,500 acres."
57,"f","2/  Total applied is less than 50 lbs."
58,"t","Agricultural Chemical Usage 2006 Restricted Use Summary: Released October 3, 2007, by the National Agricultural Statistics Service (NASS), Agricultural Statistics Board, U.S. Department of Agriculture."
58,"t","Cabbage, Fresh:  Agricultural Chemical Applications,"
58,"t","Restricted Use Pesticides,"
58,"t","Program States, 2006 1/"
58,"h","","","","","",""
58,"h","Restricted Use","Area","Appli-","Rate per","Rate per","Total"
58,"h","Pesticide","Applied","cations","Application","Crop Year","Applied"
58,"h","","","","","",""
58,"u","","Percent","Number","Pounds per Acre","Pounds per Acre","1,000 lbs"
58,"d","",,,,,
58,"d","Herbicides",,,,,
58,"d","  Paraquat",1,1.2,0.591,0.683,0.3
58,"d","",,,,,
58,"d","Insecticides",,,,,
58,"d","  Bifenthrin",14,2.6,0.078,0.202,1.8
58,"d","  Chlorpyrifos",3,1.0,0.925,0.940,1.9
58,"d","  Diazinon",6,1.1,1.056,1.117,4.5
58,"d","  Disulfoton",2,1.0,1.904,1.937,2.2
58,"d","  Emamectin benzoate",13,1.3,0.010,0.013,0.1
58,"d","  Esfenvalerate",15,2.1,0.039,0.080,0.8
58,"d","  Lambda-cyhalothrin",22,1.9,0.026,0.048,0.7
58,"d","  Methomyl",11,1.7,0.544,0.914,6.4
58,"d","  Permethrin",19,1.4,0.126,0.181,2.2
58,"d","  Thiodicarb",4,1.4,0.351,0.505,1.2
58,"d","  Zeta-cypermethrin",16,1.7,0.032,0.054,0.5
58,"c",""
58,"f","1/  Planted  acreage in 2006 for the 7 Program States was 63,800 acres."
58,"f","^ ^  States included are CA, FL, GA, NY, NC, TX, and WI."
59,"t","Agricultural Chemical Usage 2006 Restricted Use Summary: Released October 3, 2007, by the National Agricultural Statistics Service (NASS), Agricultural Statistics Board, U.S. Department of Agriculture."
59,"t","Cantaloupes:  Agricultural Chemical Applications,"
59,"t","Restricted Use Pesticides,"
59,"t","Program States, 2006 1/"
59,"h","","","","","",""
59,"h","Restricted Use","Area","Appli-","Rate per","Rate per","Total"
59,"h","Pesticide","Applied","cations","Application","Crop Year","Applied"
59,"h","","","","","",""
59,"u","","Percent","Number","Pounds per Acre","Pounds per Acre","1,000 lbs"
59,"d","",,,,,
59,"d","Insecticides",,,,,
59,"d","  Bifenthrin",19,1.3,0.081,0.102,1.5
59,"d","  Diazinon",11,1.2,0.521,0.605,5.1
59,"d","  Esfenvalerate",4,1.0,0.040,0.042,0.1
59,"d","  Methomyl",11,1.2,0.554,0.681,5.7
59,"d","  Permethrin",35,1.0,0.131,0.132,3.6
59,"c",""
59,"f","1/  Planted  acreage in 2006 for the 3 Program States was 77,300 acres."
59,"f","^ ^  States included are AZ, CA, and TX."
60,"t","Agricultural Chemical Usage 2006 Restricted Use Summary: Released October 3, 2007, by the National Agricultural Statistics Service (NASS), Agricultural Statistics Board, U.S. Department of Agriculture."
60,"t","Carrots, Fresh:  Agricultural Chemical Applications,"
60,"t","Restricted Use Pesticides,"
60,"t","Program States, 2006 1/"
60,"h","","","","","",""
60,"h","Restricted Use","Area","Appli-","Rate per","Rate per","Total"
60,"h","Pesticide","Applied","cations","Application","Crop Year","Applied"
60,"h","","","","","",""
60,"u","","Percent","Number","Pounds per Acre","Pounds per Acre","1,000 lbs"
60,"d","",,,,,
60,"d","Insecticides",,,,,
60,"d","  Diazinon",10,1.2,1.056,1.244,8.8
60,"d","  Esfenvalerate",13,1.5,0.041,0.060,0.6
60,"d","  Methomyl",2,1.2,0.596,0.730,1.0
60,"c",""
60,"f","1/  Planted  acreage in 2006 for the 3 Program States was 74,500 acres."
60,"f","^ ^  States included are CA, MI, and TX."
61,"t","Agricultural Chemical Usage 2006 Restricted Use Summary: Released October 3, 2007, by the National Agricultural Statistics Service (NASS), Agricultural Statistics Board, U.S. Department of Agriculture."
61,"t","Carrots, Proc.:  Agricultural Chemical Applications,"
61,"t","Restricted Use Pesticides,"
61,"t","Program States, 2006 1/"
61,"h","","","","","",""
61,"h","Restricted Use","Area","Appli-","Rate per","Rate per","Total"
61,"h","Pesticide","Applied","cations","Application","Crop Year","Applied"
61,"h","","","","","",""
61,"u","","Percent","Number","Pounds per Acre","Pounds per Acre","1,000 lbs"
61,"d","",,,,,
61,"d","Insecticides",,,,,
61,"d","  Diazinon",27,1.8,0.520,0.948,3.6
61,"d","  Esfenvalerate",66,2.1,0.024,0.051,0.5
61,"c",""
61,"f","1/  Planted  acreage in 2006 for the 4 Program States was 14,100 acres."
61,"f","^ ^  States included are CA, MI, WA, and WI."
62,"t","Agricultural Chemical Usage 2006 Restricted Use Summary: Released October 3, 2007, by the National Agricultural Statistics Service (NASS), Agricultural Statistics Board, U.S. Department of Agriculture."
62,"t","Cauliflower:  Agricultural Chemical Applications,"
62,"t","Restricted Use Pesticides,"
62,"t","Program States, 2006 1/"
62,"h","","","","","",""
62,"h","Restricted Use","Area","Appli-","Rate per","Rate per","Total"
62,"h","Pesticide","Applied","cations","Application","Crop Year","Applied"
62,"h","","","","","",""
62,"u","","Percent","Number","Pounds per Acre","Pounds per Acre","1,000 lbs"
62,"d","",,,,,
62,"d","Insecticides",,,,,
62,"d","  Chlorpyrifos",11,1.0,0.792,0.793,3.5
62,"d","  Diazinon",14,1.0,0.865,0.882,4.9
62,"d","  Emamectin benzoate",5,1.4,0.010,0.014,"( 2/ )"
62,"d","  Esfenvalerate",15,1.4,0.041,0.056,0.3
62,"d","  Lambda-cyhalothrin",14,2.2,0.024,0.051,0.3
62,"d","  Methomyl",3,1.1,0.733,0.826,1.0
62,"d","  Permethrin",1,1.1,0.093,0.099,"( 2/ )"
62,"d","  Zeta-cypermethrin",13,1.6,0.043,0.070,0.4
62,"c",""
62,"f","1/  Planted acreage in 2006 for California was 38,300 acres."
62,"f","2/  Total applied is less than 50 lbs."
63,"t","Agricultural Chemical Usage 2006 Restricted Use Summary: Released October 3, 2007, by the National Agricultural Statistics Service (NASS), Agricultural Statistics Board, U.S. Department of Agriculture."
63,"t","Celery:  Agricultural Chemical Applications,"
63,"t","Restricted Use Pesticides,"
63,"t","Program States, 2006 1/"
63,"h","","","","","",""
63,"h","Restricted Use","Area","Appli-","Rate per","Rate per","Total"
63,"h","Pesticide","Applied","cations","Application","Crop Year","Applied"
63,"h","","","","","",""
63,"u","","Percent","Number","Pounds per Acre","Pounds per Acre","1,000 lbs"
63,"d","",,,,,
63,"d","Insecticides",,,,,
63,"d","  Abamectin",34,1.8,0.011,0.020,0.2
63,"d","  Emamectin benzoate",14,1.1,0.010,0.011,"( 2/ )"
63,"d","  Methomyl",25,1.3,0.791,0.996,6.1
63,"d","  Oxamyl",35,1.2,0.750,0.894,7.7
63,"d","  Permethrin",59,1.6,0.163,0.259,3.7
63,"d","  Zeta-cypermethrin",47,2.0,0.047,0.094,1.1
63,"c",""
63,"f","1/  Planted acreage in 2006 for California was 24,500 acres."
63,"f","2/  Total applied is less than 50 lbs."
78,"t","Agricultural Chemical Usage 2006 Restricted Use Summary: Released October 3, 2007, by the National Agricultural Statistics Service (NASS), Agricultural Statistics Board, U.S. Department of Agriculture."
78,"t","Sweet Corn, Fresh:  Agricultural Chemical Applications,"
78,"t","Restricted Use Pesticides,"
78,"t","Program States, 2006 1/"
78,"h","","","","","",""
78,"h","Restricted Use","Area","Appli-","Rate per","Rate per","Total"
78,"h","Pesticide","Applied","cations","Application","Crop Year","Applied"
78,"h","","","","","",""
78,"u","","Percent","Number","Pounds per Acre","Pounds per Acre","1,000 lbs"
78,"d","",,,,,
78,"d","Herbicides",,,,,
78,"d","  Acetochlor","*",1.0,1.735,1.735,0.5
78,"d","  Alachlor",12,1.0,1.876,1.906,47.4
78,"d","  Atrazine",61,1.0,1.100,1.149,153.4
78,"d","  Bentazon",2,1.0,0.435,0.454,2.3
78,"d","  Dimethenamid-P",1,1.0,0.761,0.761,1.1
78,"d","  Paraquat","*",1.1,0.415,0.437,0.4
78,"d","",,,,,
78,"d","Insecticides",,,,,
78,"d","  Bifenthrin",6,1.5,0.085,0.131,1.6
78,"d","  Carbofuran",3,1.1,0.831,0.904,5.7
78,"d","  Chlorpyrifos",21,2.5,0.820,2.036,89.4
78,"d","  Cyfluthrin",15,2.8,0.034,0.093,3.0
78,"d","  Diazinon",3,1.2,0.892,1.050,7.6
78,"d","  Esfenvalerate",22,5.9,0.037,0.215,10.0
78,"d","  Lambda-cyhalothrin",52,3.6,0.028,0.102,11.4
78,"d","  Methomyl",54,7.2,0.341,2.467,285.4
78,"d","  Methyl parathion",1,1.3,0.545,0.723,1.7
78,"d","  Permethrin",14,1.7,0.126,0.210,6.5
78,"d","  Phorate",12,1.0,1.216,1.235,30.6
78,"d","  Tebupirimphos",1,1.0,0.173,0.173,0.3
78,"d","  Tefluthrin",1,1.0,0.086,0.089,0.1
78,"d","  Terbufos",1,1.0,1.061,1.061,1.1
78,"d","  Thiodicarb",23,2.9,0.477,1.393,69.3
78,"d","  Zeta-cypermethrin",13,2.3,0.038,0.086,2.3
78,"c",""
78,"f","*   Area applied is less than 0.5 percent."
78,"f","1/  Planted  acreage in 2006 for the 14 Program States was 214,300 acres."
78,"f","^ ^  States included are CA, CO, FL, GA, IL, MI, NJ, NY, NC, OH, OR, PA, TX, and WI."
79,"t","Agricultural Chemical Usage 2006 Restricted Use Summary: Released October 3, 2007, by the National Agricultural Statistics Service (NASS), Agricultural Statistics Board, U.S. Department of Agriculture."
79,"t","Sweet Corn, Proc.:  Agricultural Chemical Applications,"
79,"t","Restricted Use Pesticides,"
79,"t","Program States, 2006 1/"
79,"h","","","","","",""
79,"h","Restricted Use","Area","Appli-","Rate per","Rate per","Total"
79,"h","Pesticide","Applied","cations","Application","Crop Year","Applied"
79,"h","","","","","",""
79,"u","","Percent","Number","Pounds per Acre","Pounds per Acre","1,000 lbs"
79,"d","",,,,,
79,"d","Herbicides",,,,,
79,"d","  Alachlor",5,1.1,1.950,2.106,36.0
79,"d","  Atrazine",50,1.0,0.569,0.597,103.7
79,"d","  Bentazon",18,1.0,0.371,0.372,22.8
79,"d","  S-Metolachlor",1,1.0,0.735,0.735,2.6
79,"d","",,,,,
79,"d","Insecticides",,,,,
79,"d","  Bifenthrin",51,2.6,0.039,0.100,17.6
79,"d","  Chlorpyrifos",2,1.0,0.852,0.864,7.4
79,"d","  Esfenvalerate",1,1.0,0.039,0.040,0.1
79,"d","  Ethoprop",1,1.0,0.710,0.710,2.0
79,"d","  Lambda-cyhalothrin",5,1.4,0.022,0.032,0.5
79,"d","  Tefluthrin",2,1.0,0.135,0.135,0.9
79,"d","  Zeta-cypermethrin",12,1.7,0.031,0.053,2.2
79,"c",""
79,"f","1/  Planted  acreage in 2006 for the 5 Program States was 346,100 acres."
79,"f","^ ^  States included are MN, NY, OR, WA, and WI."
64,"t","Agricultural Chemical Usage 2006 Restricted Use Summary: Released October 3, 2007, by the National Agricultural Statistics Service (NASS), Agricultural Statistics Board, U.S. Department of Agriculture."
64,"t","Cucumbers, Fresh:  Agricultural Chemical Applications,"
64,"t","Restricted Use Pesticides,"
64,"t","Program States, 2006 1/"
64,"h","","","","","",""
64,"h","Restricted Use","Area","Appli-","Rate per","Rate per","Total"
64,"h","Pesticide","Applied","cations","Application","Crop Year","Applied"
64,"h","","","","","",""
64,"u","","Percent","Number","Pounds per Acre","Pounds per Acre","1,000 lbs"
64,"d","",,,,,
64,"d","Insecticides",,,,,
64,"d","  Bifenthrin",19,3.0,0.079,0.233,2.4
64,"d","  Esfenvalerate",26,3.6,0.044,0.157,2.2
64,"d","  Methomyl",21,4.1,0.418,1.705,19.5
64,"d","  Methyl bromide",8,1.0,168.797,168.797,690.6
64,"d","  Permethrin",2,3.1,0.116,0.364,0.4
64,"d","  Zeta-cypermethrin",1,2.1,0.032,0.068,0.1
64,"d","",,,,,
64,"d","Other Chemicals",,,,,
64,"d","  Chloropicrin",2,1.0,29.143,29.143,27.0
64,"d","  Dichloropropene",20,1.0,92.642,93.655,1012.3
64,"c",""
64,"f","1/  Planted  acreage in 2006 for the 7 Program States was 53,500 acres."
64,"f","^ ^  States included are CA, FL, GA, MI, NJ, NY, and NC."
65,"t","Agricultural Chemical Usage 2006 Restricted Use Summary: Released October 3, 2007, by the National Agricultural Statistics Service (NASS), Agricultural Statistics Board, U.S. Department of Agriculture."
65,"t","Cucumbers, Pickles:  Agricultural Chemical Applications,"
65,"t","Restricted Use Pesticides,"
65,"t","Program States, 2006 1/"
65,"h","","","","","",""
65,"h","Restricted Use","Area","Appli-","Rate per","Rate per","Total"
65,"h","Pesticide","Applied","cations","Application","Crop Year","Applied"
65,"h","","","","","",""
65,"u","","Percent","Number","Pounds per Acre","Pounds per Acre","1,000 lbs"
65,"d","",,,,,
65,"d","Insecticides",,,,,
65,"d","  Carbofuran",2,1.1,0.899,0.966,1.3
65,"d","  Esfenvalerate",14,1.1,0.032,0.036,0.4
65,"d","  Methomyl",3,1.2,0.375,0.454,1.1
65,"d","  Permethrin",2,2.4,0.139,0.333,0.5
65,"c",""
65,"f","1/  Planted  acreage in 2006 for the 7 Program States was 71,400 acres."
65,"f","^ ^  States included are FL, MI, NC, OH, SC, TX, and WI."
66,"t","Agricultural Chemical Usage 2006 Restricted Use Summary: Released October 3, 2007, by the National Agricultural Statistics Service (NASS), Agricultural Statistics Board, U.S. Department of Agriculture."
66,"t","Eggplant:  Agricultural Chemical Applications,"
66,"t","Restricted Use Pesticides,"
66,"t","Program States, 2006 1/"
66,"h","","","","","",""
66,"h","Restricted Use","Area","Appli-","Rate per","Rate per","Total"
66,"h","Pesticide","Applied","cations","Application","Crop Year","Applied"
66,"h","","","","","",""
66,"u","","Percent","Number","Pounds per Acre","Pounds per Acre","1,000 lbs"
66,"d","",,,,,
66,"d","Insecticides",,,,,
66,"d","  Methomyl",4,1.1,0.352,0.403,"( 2/ )"
66,"d","  Oxamyl",24,4.8,0.375,1.801,0.4
66,"d","  Permethrin",6,1.7,0.043,0.074,"( 2/ )"
66,"c",""
66,"f","1/  Planted acreage in 2006 for New Jersey was 800 acres."
66,"f","2/  Total applied is less than 50 lbs."
67,"t","Agricultural Chemical Usage 2006 Restricted Use Summary: Released October 3, 2007, by the National Agricultural Statistics Service (NASS), Agricultural Statistics Board, U.S. Department of Agriculture."
67,"t","Garlic:  Agricultural Chemical Applications,"
67,"t","Restricted Use Pesticides,"
67,"t","Program States, 2006 1/"
67,"h","","","","","",""
67,"h","Restricted Use","Area","Appli-","Rate per","Rate per","Total"
67,"h","Pesticide","Applied","cations","Application","Crop Year","Applied"
67,"h","","","","","",""
67,"u","","Percent","Number","Pounds per Acre","Pounds per Acre","1,000 lbs"
67,"d","",,,,,
67,"d","Insecticides",,,,,
67,"d","  Zeta-cypermethrin",28,2.0,0.050,0.100,0.7
67,"c",""
67,"f","1/  Planted acreage in 2006 for California was 24,700 acres."
69,"t","Agricultural Chemical Usage 2006 Restricted Use Summary: Released October 3, 2007, by the National Agricultural Statistics Service (NASS), Agricultural Statistics Board, U.S. Department of Agriculture."
69,"t","Head Lettuce:  Agricultural Chemical Applications,"
69,"t","Restricted Use Pesticides,"
69,"t","Program States, 2006 1/"
69,"h","","","","","",""
69,"h","Restricted Use","Area","Appli-","Rate per","Rate per","Total"
69,"h","Pesticide","Applied","cations","Application","Crop Year","Applied"
69,"h","","","","","",""
69,"u","","Percent","Number","Pounds per Acre","Pounds per Acre","1,000 lbs"
69,"d","",,,,,
69,"d","Herbicides",,,,,
69,"d","  Paraquat","*",1.1,0.851,0.899,0.6
69,"d","  Pronamide",38,1.1,0.638,0.680,45.3
69,"d","",,,,,
69,"d","Insecticides",,,,,
69,"d","  Abamectin",18,1.0,0.007,0.007,0.2
69,"d","  Bifenthrin",5,1.0,0.072,0.075,0.6
69,"d","  Cyfluthrin",11,1.2,0.040,0.047,0.9
69,"d","  Cypermethrin",5,1.0,0.093,0.094,0.7
69,"d","  Diazinon",60,1.6,0.639,1.033,107.2
69,"d","  Emamectin benzoate",20,1.2,0.010,0.013,0.4
69,"d","  Esfenvalerate",10,1.1,0.042,0.044,0.8
69,"d","  Gamma-cyhalothrin",1,1.0,0.014,0.015,"( 2/ )"
69,"d","  Lambda-cyhalothrin",34,1.4,0.028,0.039,2.3
69,"d","  Methomyl",43,1.4,0.583,0.845,62.6
69,"d","  Permethrin",50,1.2,0.147,0.180,15.6
69,"d","  Thiodicarb",1,1.3,0.596,0.758,0.7
69,"d","  Zeta-cypermethrin",74,1.6,0.046,0.075,9.7
69,"c",""
69,"f","*   Area applied is less than 0.5 percent."
69,"f","1/  Planted  acreage in 2006 for the 2 Program States was 174,000 acres."
69,"f","^ ^  States included are AZ and CA."
69,"f","2/  Total applied is less than 50 lbs."
71,"t","Agricultural Chemical Usage 2006 Restricted Use Summary: Released October 3, 2007, by the National Agricultural Statistics Service (NASS), Agricultural Statistics Board, U.S. Department of Agriculture."
71,"t","Other Lettuce:  Agricultural Chemical Applications,"
71,"t","Restricted Use Pesticides,"
71,"t","Program States, 2006 1/"
71,"h","","","","","",""
71,"h","Restricted Use","Area","Appli-","Rate per","Rate per","Total"
71,"h","Pesticide","Applied","cations","Application","Crop Year","Applied"
71,"h","","","","","",""
71,"u","","Percent","Number","Pounds per Acre","Pounds per Acre","1,000 lbs"
71,"d","",,,,,
71,"d","Herbicides",,,,,
71,"d","  Pronamide",44,1.0,0.980,0.998,58.4
71,"d","",,,,,
71,"d","Insecticides",,,,,
71,"d","  Abamectin",6,1.1,0.007,0.008,0.1
71,"d","  Cyfluthrin",9,1.3,0.041,0.053,0.7
71,"d","  Diazinon",52,1.7,0.669,1.133,78.6
71,"d","  Emamectin benzoate",4,1.2,0.009,0.010,"( 2/ )"
71,"d","  Gamma-cyhalothrin",4,1.0,0.015,0.015,0.1
71,"d","  Lambda-cyhalothrin",36,1.3,0.028,0.037,1.8
71,"d","  Methomyl",40,1.2,0.643,0.746,39.8
71,"d","  Permethrin",43,1.2,0.144,0.176,10.1
71,"d","  Zeta-cypermethrin",66,1.5,0.045,0.068,6.0
71,"c",""
71,"f","1/  Planted  acreage in 2006 for the 2 Program States was 133,400 acres."
71,"f","^ ^  States included are AZ and CA."
71,"f","2/  Total applied is less than 50 lbs."
70,"t","Agricultural Chemical Usage 2006 Restricted Use Summary: Released October 3, 2007, by the National Agricultural Statistics Service (NASS), Agricultural Statistics Board, U.S. Department of Agriculture."
70,"t","Onions:  Agricultural Chemical Applications,"
70,"t","Restricted Use Pesticides,"
70,"t","Program States, 2006 1/"
70,"h","","","","","",""
70,"h","Restricted Use","Area","Appli-","Rate per","Rate per","Total"
70,"h","Pesticide","Applied","cations","Application","Crop Year","Applied"
70,"h","","","","","",""
70,"u","","Percent","Number","Pounds per Acre","Pounds per Acre","1,000 lbs"
70,"d","",,,,,
70,"d","Insecticides",,,,,
70,"d","  Chlorpyrifos",17,1.0,1.656,1.670,39.0
70,"d","  Cypermethrin",3,2.4,0.102,0.249,1.0
70,"d","  Diazinon",16,1.8,1.906,3.416,74.0
70,"d","  Esfenvalerate","*",1.0,0.035,0.035,"( 2/ )"
70,"d","  Lambda-cyhalothrin",34,2.3,0.026,0.058,2.7
70,"d","  Methomyl",31,2.0,0.656,1.300,57.5
70,"d","  Methyl parathion",11,2.0,0.418,0.830,13.3
70,"d","  Oxamyl",13,3.0,0.476,1.449,25.8
70,"d","  Permethrin",5,1.4,0.154,0.221,1.6
70,"d","  Zeta-cypermethrin",24,2.1,0.042,0.089,3.0
70,"d","",,,,,
70,"d","Other Chemicals",,,,,
70,"d","  Chloropicrin",6,1.0,32.452,32.844,277.2
70,"d","  Dichloropropene",6,1.0,148.198,149.988,1276.9
70,"c",""
70,"f","*   Area applied is less than 0.5 percent."
70,"f","1/  Planted  acreage in 2006 for the 7 Program States was 141,000 acres."
70,"f","^ ^  States included are CA, GA, NY, OR, TX, WA, and WI."
70,"f","2/  Total applied is less than 50 lbs."
68,"t","Agricultural Chemical Usage 2006 Restricted Use Summary: Released October 3, 2007, by the National Agricultural Statistics Service (NASS), Agricultural Statistics Board, U.S. Department of Agriculture."
68,"t","Green Peas, Proc.:  Agricultural Chemical Applications,"
68,"t","Restricted Use Pesticides,"
68,"t","Program States, 2006 1/"
68,"h","","","","","",""
68,"h","Restricted Use","Area","Appli-","Rate per","Rate per","Total"
68,"h","Pesticide","Applied","cations","Application","Crop Year","Applied"
68,"h","","","","","",""
68,"u","","Percent","Number","Pounds per Acre","Pounds per Acre","1,000 lbs"
68,"d","",,,,,
68,"d","Insecticides",,,,,
68,"d","  Bifenthrin",3,1.0,0.033,0.033,0.2
68,"d","  Zeta-cypermethrin",7,1.2,0.025,0.029,0.4
68,"c",""
68,"f","1/  Planted  acreage in 2006 for the 5 Program States was 190,000 acres."
68,"f","^ ^  States included are MN, NY, OR, WA, and WI."
56,"t","Agricultural Chemical Usage 2006 Restricted Use Summary: Released October 3, 2007, by the National Agricultural Statistics Service (NASS), Agricultural Statistics Board, U.S. Department of Agriculture."
56,"t","Bell Peppers:  Agricultural Chemical Applications,"
56,"t","Restricted Use Pesticides,"
56,"t","Program States, 2006 1/"
56,"h","","","","","",""
56,"h","Restricted Use","Area","Appli-","Rate per","Rate per","Total"
56,"h","Pesticide","Applied","cations","Application","Crop Year","Applied"
56,"h","","","","","",""
56,"u","","Percent","Number","Pounds per Acre","Pounds per Acre","1,000 lbs"
56,"d","",,,,,
56,"d","Herbicides",,,,,
56,"d","  Paraquat",3,1.3,0.707,0.894,1.4
56,"d","",,,,,
56,"d","Insecticides",,,,,
56,"d","  Abamectin",25,2.3,0.008,0.018,0.3
56,"d","  Bifenthrin",8,3.7,0.076,0.280,1.3
56,"d","  Cyfluthrin",10,2.9,0.042,0.122,0.8
56,"d","  Diazinon",5,1.0,0.177,0.177,0.5
56,"d","  Esfenvalerate",15,1.4,0.042,0.060,0.6
56,"d","  Lambda-cyhalothrin",4,2.9,0.029,0.084,0.2
56,"d","  Methomyl",33,2.2,0.618,1.383,27.5
56,"d","  Methyl bromide",17,1.0,111.960,111.960,1128.8
56,"d","  Oxamyl",38,2.0,0.560,1.124,26.2
56,"d","  Permethrin",3,1.1,0.146,0.159,0.2
56,"d","  Zeta-cypermethrin",13,1.7,0.037,0.065,0.5
56,"d","",,,,,
56,"d","Other Chemicals",,,,,
56,"d","  Chloropicrin",17,1.0,54.443,54.649,575.8
56,"d","  Dichloropropene",2,1.0,120.156,125.043,183.6
56,"c",""
56,"f","1/  Planted  acreage in 2006 for the 5 Program States was 60,900 acres."
56,"f","^ ^  States included are CA, FL, GA, NJ, and NC."
72,"t","Agricultural Chemical Usage 2006 Restricted Use Summary: Released October 3, 2007, by the National Agricultural Statistics Service (NASS), Agricultural Statistics Board, U.S. Department of Agriculture."
72,"t","Pumpkins:  Agricultural Chemical Applications,"
72,"t","Restricted Use Pesticides,"
72,"t","Program States, 2006 1/"
72,"h","","","","","",""
72,"h","Restricted Use","Area","Appli-","Rate per","Rate per","Total"
72,"h","Pesticide","Applied","cations","Application","Crop Year","Applied"
72,"h","","","","","",""
72,"u","","Percent","Number","Pounds per Acre","Pounds per Acre","1,000 lbs"
72,"d","",,,,,
72,"d","Herbicides",,,,,
72,"d","  Paraquat",5,1.0,0.329,0.331,0.7
72,"d","",,,,,
72,"d","Insecticides",,,,,
72,"d","  Bifenthrin",40,1.3,0.057,0.075,1.3
72,"d","  Carbofuran",1,1.1,0.681,0.725,0.4
72,"d","  Esfenvalerate",6,2.2,0.037,0.082,0.2
72,"d","  Lambda-cyhalothrin",4,2.3,0.021,0.048,0.1
72,"d","  Methomyl",4,1.8,0.396,0.724,1.3
72,"d","  Permethrin",8,2.5,0.133,0.334,1.1
72,"d","  Zeta-cypermethrin",6,1.9,0.015,0.029,0.1
72,"c",""
72,"f","1/  Planted  acreage in 2006 for the 5 Program States was 42,000 acres."
72,"f","^ ^  States included are CA, IL, MI, OH, and PA."
75,"t","Agricultural Chemical Usage 2006 Restricted Use Summary: Released October 3, 2007, by the National Agricultural Statistics Service (NASS), Agricultural Statistics Board, U.S. Department of Agriculture."
75,"t","Spinach, Fresh:  Agricultural Chemical Applications,"
75,"t","Restricted Use Pesticides,"
75,"t","Program States, 2006 1/"
75,"h","","","","","",""
75,"h","Restricted Use","Area","Appli-","Rate per","Rate per","Total"
75,"h","Pesticide","Applied","cations","Application","Crop Year","Applied"
75,"h","","","","","",""
75,"u","","Percent","Number","Pounds per Acre","Pounds per Acre","1,000 lbs"
75,"d","",,,,,
75,"d","Insecticides",,,,,
75,"d","  Abamectin",9,1.0,0.010,0.010,"( 2/ )"
75,"d","  Diazinon",26,1.1,2.075,2.251,27.3
75,"d","  Methomyl",17,1.0,0.679,0.711,5.6
75,"d","  Permethrin",46,1.4,0.169,0.242,5.2
75,"d","  Zeta-cypermethrin",39,1.2,0.047,0.056,1.0
75,"c",""
75,"f","1/  Planted  acreage in 2006 for the 3 Program States was 46,400 acres."
75,"f","^ ^  States included are AZ, CA, and TX."
75,"f","2/  Total applied is less than 50 lbs."
76,"t","Agricultural Chemical Usage 2006 Restricted Use Summary: Released October 3, 2007, by the National Agricultural Statistics Service (NASS), Agricultural Statistics Board, U.S. Department of Agriculture."
76,"t","Squash:  Agricultural Chemical Applications,"
76,"t","Restricted Use Pesticides,"
76,"t","Program States, 2006 1/"
76,"h","","","","","",""
76,"h","Restricted Use","Area","Appli-","Rate per","Rate per","Total"
76,"h","Pesticide","Applied","cations","Application","Crop Year","Applied"
76,"h","","","","","",""
76,"u","","Percent","Number","Pounds per Acre","Pounds per Acre","1,000 lbs"
76,"d","",,,,,
76,"d","Herbicides",,,,,
76,"d","  Paraquat",1,1.0,0.781,0.782,0.5
76,"d","",,,,,
76,"d","Insecticides",,,,,
76,"d","  Bifenthrin",15,2.7,0.068,0.181,1.4
76,"d","  Carbofuran",3,1.0,0.436,0.441,0.8
76,"d","  Cyfluthrin","*",3.0,0.039,0.116,"( 2/ )"
76,"d","  Diazinon","*",1.1,0.683,0.753,0.1
76,"d","  Esfenvalerate",25,3.1,0.039,0.122,1.6
76,"d","  Lambda-cyhalothrin",1,1.8,0.023,0.043,"( 2/ )"
76,"d","  Methomyl",3,9.0,0.318,2.856,4.5
76,"d","  Methyl bromide",3,1.0,156.371,156.371,257.9
76,"d","  Permethrin",10,2.5,0.153,0.384,2.0
76,"d","  Zeta-cypermethrin",1,7.7,0.028,0.213,0.2
76,"d","",,,,,
76,"d","Other Chemicals",,,,,
76,"d","  Chloropicrin",1,1.0,59.438,59.438,21.0
76,"d","  Dichloropropene",10,1.0,79.666,79.666,433.1
76,"c",""
76,"f","*   Area applied is less than 0.5 percent."
76,"f","1/  Planted  acreage in 2006 for the 7 Program States was 52,200 acres."
76,"f","^ ^  States included are CA, FL, GA, MI, NJ, NY, and NC."
76,"f","2/  Total applied is less than 50 lbs."
77,"t","Agricultural Chemical Usage 2006 Restricted Use Summary: Released October 3, 2007, by the National Agricultural Statistics Service (NASS), Agricultural Statistics Board, U.S. Department of Agriculture."
77,"t","Strawberries:  Agricultural Chemical Applications,"
77,"t","Restricted Use Pesticides,"
77,"t","Program States, 2006 1/"
77,"h","","","","","",""
77,"h","Restricted Use","Area","Appli-","Rate per","Rate per","Total"
77,"h","Pesticide","Applied","cations","Application","Crop Year","Applied"
77,"h","","","","","",""
77,"u","","Percent","Number","Pounds per Acre","Pounds per Acre","1,000 lbs"
77,"d","",,,,,
77,"d","Herbicides",,,,,
77,"d","  Paraquat",2,1.3,0.447,0.594,0.5
77,"d","",,,,,
77,"d","Insecticides",,,,,
77,"d","  Abamectin",13,1.4,0.016,0.022,0.1
77,"d","  Bifenthrin",15,1.7,0.310,0.518,3.6
77,"d","  Diazinon",4,1.5,0.867,1.301,2.7
77,"d","  Methomyl",36,2.3,0.797,1.857,32.2
77,"d","  Methyl bromide",39,1.0,186.473,195.700,3639.6
77,"d","",,,,,
77,"d","Other Chemicals",,,,,
77,"d","  Chloropicrin",43,1.1,117.797,135.000,2744.9
77,"c",""
77,"f","1/  Planted  acreage in 2006 for the 4 Program States was 47,700 acres."
77,"f","^ ^  States included are CA, FL, OR, and WA."
80,"t","Agricultural Chemical Usage 2006 Restricted Use Summary: Released October 3, 2007, by the National Agricultural Statistics Service (NASS), Agricultural Statistics Board, U.S. Department of Agriculture."
80,"t","Tomatoes, Fresh:  Agricultural Chemical Applications,"
80,"t","Restricted Use Pesticides,"
80,"t","Program States, 2006 1/"
80,"h","","","","","",""
80,"h","Restricted Use","Area","Appli-","Rate per","Rate per","Total"
80,"h","Pesticide","Applied","cations","Application","Crop Year","Applied"
80,"h","","","","","",""
80,"u","","Percent","Number","Pounds per Acre","Pounds per Acre","1,000 lbs"
80,"d","",,,,,
80,"d","Herbicides",,,,,
80,"d","  Paraquat",17,1.4,0.522,0.730,13.5
80,"d","",,,,,
80,"d","Insecticides",,,,,
80,"d","  Abamectin",10,3.3,0.018,0.058,0.6
80,"d","  Bifenthrin",28,5.5,0.064,0.352,10.2
80,"d","  Cyfluthrin",13,3.3,0.036,0.120,1.7
80,"d","  Diazinon",1,1.1,0.600,0.675,0.8
80,"d","  Esfenvalerate",31,4.5,0.030,0.137,4.5
80,"d","  Lambda-cyhalothrin",12,2.3,0.021,0.049,0.6
80,"d","  Methamidophos",10,2.3,0.723,1.645,17.4
80,"d","  Methomyl",10,8.5,0.476,4.045,42.9
80,"d","  Methyl bromide",30,1.2,142.962,176.678,5642.9
80,"d","  Oxamyl",16,2.1,0.429,0.884,15.0
80,"d","  Permethrin",4,2.5,0.173,0.432,1.8
80,"d","  Zeta-cypermethrin",6,1.5,0.042,0.063,0.4
80,"d","",,,,,
80,"d","Other Chemicals",,,,,
80,"d","  Chloropicrin",25,1.3,66.651,86.180,2249.3
80,"d","  Dichloropropene",1,1.1,61.960,69.302,58.4
80,"c",""
80,"f","1/  Planted  acreage in 2006 for the 7 Program States was 105,600 acres."
80,"f","^ ^  States included are CA, FL, GA, NJ, NC, OH, and TN."
81,"t","Agricultural Chemical Usage 2006 Restricted Use Summary: Released October 3, 2007, by the National Agricultural Statistics Service (NASS), Agricultural Statistics Board, U.S. Department of Agriculture."
81,"t","Tomatoes, Proc.:  Agricultural Chemical Applications,"
81,"t","Restricted Use Pesticides,"
81,"t","Program States, 2006 1/"
81,"h","","","","","",""
81,"h","Restricted Use","Area","Appli-","Rate per","Rate per","Total"
81,"h","Pesticide","Applied","cations","Application","Crop Year","Applied"
81,"h","","","","","",""
81,"u","","Percent","Number","Pounds per Acre","Pounds per Acre","1,000 lbs"
81,"d","",,,,,
81,"d","Herbicides",,,,,
81,"d","  Paraquat",9,1.1,0.627,0.666,16.5
81,"d","",,,,,
81,"d","Insecticides",,,,,
81,"d","  Abamectin",3,1.0,0.005,0.005,0.1
81,"d","  Emamectin benzoate",20,1.1,0.010,0.010,0.6
81,"d","  Esfenvalerate",8,1.2,0.047,0.056,1.3
81,"d","  Lambda-cyhalothrin",12,1.3,0.027,0.035,1.2
81,"d","  Methamidophos",1,1.3,0.983,1.249,3.9
81,"d","  Methomyl",5,1.5,0.523,0.766,11.3
81,"d","  Permethrin",5,1.5,0.194,0.294,4.2
81,"d","  Zeta-cypermethrin",4,1.1,0.047,0.053,0.6
81,"c",""
81,"f","1/  Planted acreage in 2006 for California was 283,000 acres."
82,"t","Agricultural Chemical Usage 2006 Restricted Use Summary: Released October 3, 2007, by the National Agricultural Statistics Service (NASS), Agricultural Statistics Board, U.S. Department of Agriculture."
82,"t","Watermelons:  Agricultural Chemical Applications,"
82,"t","Restricted Use Pesticides,"
82,"t","Program States, 2006 1/"
82,"h","","","","","",""
82,"h","Restricted Use","Area","Appli-","Rate per","Rate per","Total"
82,"h","Pesticide","Applied","cations","Application","Crop Year","Applied"
82,"h","","","","","",""
82,"u","","Percent","Number","Pounds per Acre","Pounds per Acre","1,000 lbs"
82,"d","",,,,,
82,"d","Herbicides",,,,,
82,"d","  Paraquat",2,1.2,0.345,0.431,1.1
82,"d","",,,,,
82,"d","Insecticides",,,,,
82,"d","  Bifenthrin",2,1.8,0.074,0.136,0.3
82,"d","  Chlorpyrifos",1,1.0,0.711,0.711,0.8
82,"d","  Diazinon",2,1.4,3.447,4.811,12.1
82,"d","  Esfenvalerate",9,2.3,0.035,0.082,0.9
82,"d","  Methomyl",6,2.9,0.542,1.550,11.5
82,"d","  Methyl bromide",1,1.0,183.243,183.243,259.0
82,"d","  Oxamyl",2,4.5,0.283,1.264,2.7
82,"d","  Permethrin",3,2.2,0.114,0.248,1.0
82,"d","",,,,,
82,"d","Other Chemicals",,,,,
82,"d","  Chloropicrin",2,1.0,40.262,40.579,80.7
82,"d","  Dichloropropene",3,1.0,68.612,68.891,262.9
82,"c",""
82,"f","1/  Planted  acreage in 2006 for the 7 Program States was 120,200 acres."
82,"f","^ ^  States included are AZ, CA, FL, GA, NC, SC, and TX."
1,"t","Agricultural Chemical Usage 2006 Restricted Use Summary: Released October 3, 2007, by the National Agricultural Statistics Service (NASS), Agricultural Statistics Board, U.S. Department of Agriculture."
1,"t","   All Swine Facilities: Agricultural Chemical Applications,"
1,"t","   Restricted Use Pesticides,"
1,"t","  Total Applied, Program States,  2006"
1,"h","",""
1,"h","Restricted Use","Total"
1,"h","Pesticide","Applied"
1,"h","",""
1,"u","","Pounds"
1,"d","Insecticides:",
1,"d","  Permethrin",353
1,"d","  Diazinon",1702
1,"c",""
1,"f","*  Insufficient number of reports to publish data."
